,周,魯,齊,田齊,衛,鄭,陳,蔡,宋,晉,韓,趙,魏,燕,秦,楚,吳,越
-591,,,,,,,,"蔡,景公,1",,,,,,,,,,
-590,,,,,,,,"蔡,景公,2",,,,,,,,,,
-589,,,,,,,,"蔡,景公,3",,,,,,,,,,
-588,,,,,,,,"蔡,景公,4",,,,,,,,,,
-587,,,,,,,,"蔡,景公,5",,,,,,,,,,
-586,,,,,,,,"蔡,景公,6",,,,,,,,,,
-585,,,,,,,,"蔡,景公,7",,,,,,,,,,
-584,,,,,,,,"蔡,景公,8",,,,,,,,,,
-583,,,,,,,,"蔡,景公,9",,,,,,,,,,
-582,,,,,,,,"蔡,景公,10",,,,,,,,,,
-581,,,,,,,,"蔡,景公,11",,,,,,,,,,
-580,,,,,,,,"蔡,景公,12",,,,,,,,,,
-579,,,,,,,,"蔡,景公,13",,,,,,,,,,
-578,,,,,,,,"蔡,景公,14",,,,,,,,,,
-577,,,,,,,,"蔡,景公,15",,,,,,,,,,
-576,,,,,,,,"蔡,景公,16",,,,,,,,,,
-575,,,,,,,,"蔡,景公,17","宋,平公,1",,,,,,,,,
-574,,,,,,,,"蔡,景公,18","宋,平公,2",,,,,,,,,
-573,,,,,,,,"蔡,景公,19","宋,平公,3",,,,,,,,,
-572,,"魯,襄公,1",,,,,,"蔡,景公,20","宋,平公,4",,,,,,,,,
-571,"周,靈王,1","魯,襄公,2",,,,,,"蔡,景公,21","宋,平公,5",,,,,,,,,
-570,"周,靈王,2","魯,襄公,3",,,,,,"蔡,景公,22","宋,平公,6",,,,,,,,,
-569,"周,靈王,3","魯,襄公,4",,,,,,"蔡,景公,23","宋,平公,7",,,,,,,,,
-568,"周,靈王,4","魯,襄公,5",,,,,"陳,平公,1","蔡,景公,24","宋,平公,8",,,,,,,,,
-567,"周,靈王,5","魯,襄公,6",,,,,"陳,平公,2","蔡,景公,25","宋,平公,9",,,,,,,,,
-566,"周,靈王,6","魯,襄公,7",,,,,"陳,平公,3","蔡,景公,26","宋,平公,10",,,,,,,,,
-565,"周,靈王,7","魯,襄公,8",,,,"鄭,簡公,1","陳,平公,4","蔡,景公,27","宋,平公,11",,,,,,,,,
-564,"周,靈王,8","魯,襄公,9",,,,"鄭,簡公,2","陳,平公,5","蔡,景公,28","宋,平公,12",,,,,,,,,
-563,"周,靈王,9","魯,襄公,10",,,,"鄭,簡公,3","陳,平公,6","蔡,景公,29","宋,平公,13",,,,,,,,,
-562,"周,靈王,10","魯,襄公,11",,,,"鄭,簡公,4","陳,平公,7","蔡,景公,30","宋,平公,14",,,,,,,,,
-561,"周,靈王,11","魯,襄公,12",,,,"鄭,簡公,5","陳,平公,8","蔡,景公,31","宋,平公,15",,,,,,,,,
-560,"周,靈王,12","魯,襄公,13",,,,"鄭,簡公,6","陳,平公,9","蔡,景公,32","宋,平公,16",,,,,,,,"吳,諸樊,1",
-559,"周,靈王,13","魯,襄公,14",,,,"鄭,簡公,7","陳,平公,10","蔡,景公,33","宋,平公,17",,,,,,,"楚,康王,1","吳,諸樊,2",
-558,"周,靈王,14","魯,襄公,15",,,"衛,殤公,1","鄭,簡公,8","陳,平公,11","蔡,景公,34","宋,平公,18",,,,,,,"楚,康王,2","吳,諸樊,3",
-557,"周,靈王,15","魯,襄公,16",,,"衛,殤公,2","鄭,簡公,9","陳,平公,12","蔡,景公,35","宋,平公,19",,,,,,,"楚,康王,3","吳,諸樊,4",
-556,"周,靈王,16","魯,襄公,17",,,"衛,殤公,3","鄭,簡公,10","陳,平公,13","蔡,景公,36","宋,平公,20",,,,,,,"楚,康王,4","吳,諸樊,5",
-555,"周,靈王,17","魯,襄公,18",,,"衛,殤公,4","鄭,簡公,11","陳,平公,14","蔡,景公,37","宋,平公,21",,,,,,,"楚,康王,5","吳,諸樊,6",
-554,"周,靈王,18","魯,襄公,19",,,"衛,殤公,5","鄭,簡公,12","陳,平公,15","蔡,景公,38","宋,平公,22",,,,,,,"楚,康王,6","吳,諸樊,7",
-553,"周,靈王,19","魯,襄公,20","齊,莊公,1",,"衛,殤公,6","鄭,簡公,13","陳,平公,16","蔡,景公,39","宋,平公,23",,,,,,,"楚,康王,7","吳,諸樊,8",
-552,"周,靈王,20","魯,襄公,21","齊,莊公,2",,"衛,殤公,7","鄭,簡公,14","陳,平公,17","蔡,景公,40","宋,平公,24",,,,,,,"楚,康王,8","吳,諸樊,9",
-551,"周,靈王,21","魯,襄公,22","齊,莊公,3",,"衛,殤公,8","鄭,簡公,15","陳,平公,18","蔡,景公,41","宋,平公,25",,,,,,,"楚,康王,9","吳,諸樊,10",
-550,"周,靈王,22","魯,襄公,23","齊,莊公,4",,"衛,殤公,9","鄭,簡公,16","陳,平公,19","蔡,景公,42","宋,平公,26",,,,,,,"楚,康王,10","吳,諸樊,11",
-549,"周,靈王,23","魯,襄公,24","齊,莊公,5",,"衛,殤公,10","鄭,簡公,17","陳,平公,20","蔡,景公,43","宋,平公,27",,,,,,,"楚,康王,11","吳,諸樊,12",
-548,"周,靈王,24","魯,襄公,25","齊,莊公,6",,"衛,殤公,11","鄭,簡公,18","陳,平公,21","蔡,景公,44","宋,平公,28",,,,,,,"楚,康王,12","吳,諸樊,13",
-547,"周,靈王,25","魯,襄公,26","齊,景公,1",,"衛,殤公,12","鄭,簡公,19","陳,平公,22","蔡,景公,45","宋,平公,29",,,,,,,"楚,康王,13","吳,餘祭,1",
-546,"周,靈王,26","魯,襄公,27","齊,景公,2",,"衛,獻公,1","鄭,簡公,20","陳,平公,23","蔡,景公,46","宋,平公,30",,,,,,,"楚,康王,14","吳,餘祭,2",
-545,"周,靈王,27","魯,襄公,28","齊,景公,3",,"衛,獻公,2","鄭,簡公,21","陳,平公,24","蔡,景公,47","宋,平公,31",,,,,,,"楚,康王,15","吳,餘祭,3",
-544,"周,景王,1","魯,襄公,29","齊,景公,4",,"衛,獻公,3","鄭,簡公,22","陳,平公,25","蔡,景公,48","宋,平公,32",,,,,,,"楚,郟敖,1","吳,餘祭,4",
-543,"周,景王,2","魯,襄公,30","齊,景公,5",,"衛,襄公,1","鄭,簡公,23","陳,平公,26","蔡,景公,49","宋,平公,33",,,,,,,"楚,郟敖,2","吳,夷末,1",
-542,"周,景王,3","魯,襄公,31","齊,景公,6",,"衛,襄公,2","鄭,簡公,24","陳,平公,27","蔡,靈侯,1","宋,平公,34",,,,,,,"楚,郟敖,3","吳,夷末,2",
-541,"周,景王,4","魯,昭公,1","齊,景公,7",,"衛,襄公,3","鄭,簡公,25","陳,平公,28","蔡,靈侯,2","宋,平公,35",,,,,,,"楚,郟敖,4","吳,夷末,3",
-540,"周,景王,5","魯,昭公,2","齊,景公,8",,"衛,襄公,4","鄭,簡公,26","陳,平公,29","蔡,靈侯,3","宋,平公,36",,,,,,,"楚,靈王,1","吳,夷末,4",
-539,"周,景王,6","魯,昭公,3","齊,景公,9",,"衛,襄公,5","鄭,簡公,27","陳,平公,30","蔡,靈侯,4","宋,平公,37",,,,,,,"楚,靈王,2","吳,夷末,5",
-538,"周,景王,7","魯,昭公,4","齊,景公,10",,"衛,襄公,6","鄭,簡公,28","陳,平公,31","蔡,靈侯,5","宋,平公,38",,,,,,,"楚,靈王,3","吳,夷末,6",
-537,"周,景王,8","魯,昭公,5","齊,景公,11",,"衛,襄公,7","鄭,簡公,29","陳,平公,32","蔡,靈侯,6","宋,平公,39",,,,,,,"楚,靈王,4","吳,夷末,7",
-536,"周,景王,9","魯,昭公,6","齊,景公,12",,"衛,襄公,8","鄭,簡公,30","陳,平公,33","蔡,靈侯,7","宋,平公,40",,,,,,,"楚,靈王,5","吳,夷末,8",
-535,"周,景王,10","魯,昭公,7","齊,景公,13",,"衛,襄公,9","鄭,簡公,31","陳,平公,34","蔡,靈侯,8","宋,平公,41",,,,,,,"楚,靈王,6","吳,夷末,9",
-534,"周,景王,11","魯,昭公,8","齊,景公,14",,"衛,靈公,1","鄭,簡公,32","陳,平公,35","蔡,靈侯,9","宋,平公,42",,,,,,,"楚,靈王,7","吳,夷末,10",
-533,"周,景王,12","魯,昭公,9","齊,景公,15",,"衛,靈公,2","鄭,簡公,33","陳,惠公,1","蔡,靈侯,10","宋,平公,43",,,,,,,"楚,靈王,8","吳,夷末,11",
-532,"周,景王,13","魯,昭公,10","齊,景公,16",,"衛,靈公,3","鄭,簡公,34","陳,惠公,2","蔡,靈侯,11","宋,平公,44",,,,,,,"楚,靈王,9","吳,夷末,12",
-531,"周,景王,14","魯,昭公,11","齊,景公,17",,"衛,靈公,4","鄭,簡公,35","陳,惠公,3","蔡,靈侯,12","宋,元公,1",,,,,,,"楚,靈王,10","吳,夷末,13",
-530,"周,景王,15","魯,昭公,12","齊,景公,18",,"衛,靈公,5","鄭,簡公,36","陳,惠公,4",,"宋,元公,2",,,,,,,"楚,靈王,11","吳,夷末,14",
-529,"周,景王,16","魯,昭公,13","齊,景公,19",,"衛,靈公,6","鄭,定公,1","陳,惠公,5",,"宋,元公,3",,,,,,,"楚,靈王,12","吳,夷末,15",
-528,"周,景王,17","魯,昭公,14","齊,景公,20",,"衛,靈公,7","鄭,定公,2","陳,惠公,6",,"宋,元公,4",,,,,,,"楚,平王,1","吳,夷末,16",
-527,"周,景王,18","魯,昭公,15","齊,景公,21",,"衛,靈公,8","鄭,定公,3","陳,惠公,7",,"宋,元公,5",,,,,,,"楚,平王,2","吳,夷末,17",
-526,"周,景王,19","魯,昭公,16","齊,景公,22",,"衛,靈公,9","鄭,定公,4","陳,惠公,8",,"宋,元公,6",,,,,,,"楚,平王,3","吳,王僚,1",
-525,"周,景王,20","魯,昭公,17","齊,景公,23",,"衛,靈公,10","鄭,定公,5","陳,惠公,9",,"宋,元公,7",,,,,,,"楚,平王,4","吳,王僚,2",
-524,"周,景王,21","魯,昭公,18","齊,景公,24",,"衛,靈公,11","鄭,定公,6","陳,惠公,10",,"宋,元公,8",,,,,,,"楚,平王,5","吳,王僚,3",
-523,"周,景王,22","魯,昭公,19","齊,景公,25",,"衛,靈公,12","鄭,定公,7","陳,惠公,11",,"宋,元公,9",,,,,,,"楚,平王,6","吳,王僚,4",
-522,"周,景王,23","魯,昭公,20","齊,景公,26",,"衛,靈公,13","鄭,定公,8","陳,惠公,12",,"宋,元公,10",,,,,,,"楚,平王,7","吳,王僚,5",
-521,"周,景王,24","魯,昭公,21","齊,景公,27",,"衛,靈公,14","鄭,定公,9","陳,惠公,13","蔡,悼侯,1","宋,元公,11",,,,,,,"楚,平王,8","吳,王僚,6",
-520,"周,景王,25","魯,昭公,22","齊,景公,28",,"衛,靈公,15","鄭,定公,10","陳,惠公,14","蔡,悼侯,2","宋,元公,12",,,,,,,"楚,平王,9","吳,王僚,7",
-519,"周,敬王,1","魯,昭公,23","齊,景公,29",,"衛,靈公,16","鄭,定公,11","陳,惠公,15","蔡,悼侯,3","宋,元公,13",,,,,,,"楚,平王,10","吳,王僚,8",
-518,"周,敬王,2","魯,昭公,24","齊,景公,30",,"衛,靈公,17","鄭,定公,12","陳,惠公,16","蔡,昭侯,1","宋,元公,14",,,,,,,"楚,平王,11","吳,王僚,9",
-517,"周,敬王,3","魯,昭公,25","齊,景公,31",,"衛,靈公,18","鄭,定公,13","陳,惠公,17","蔡,昭侯,2","宋,元公,15",,,"趙,簡子,1",,,,"楚,平王,12","吳,王僚,10",
-516,"周,敬王,4","魯,昭公,26","齊,景公,32",,"衛,靈公,19","鄭,定公,14","陳,惠公,18","蔡,昭侯,3","宋,景公,1",,,"趙,簡子,2",,,,"楚,平王,13","吳,王僚,11",
-515,"周,敬王,5","魯,昭公,27","齊,景公,33",,"衛,靈公,20","鄭,定公,15","陳,惠公,19","蔡,昭侯,4","宋,景公,2",,,"趙,簡子,3",,,,"楚,昭王,1","吳,王僚,12",
-514,"周,敬王,6","魯,昭公,28","齊,景公,34",,"衛,靈公,21","鄭,定公,16","陳,惠公,20","蔡,昭侯,5","宋,景公,3",,,"趙,簡子,4",,,,"楚,昭王,2","吳,闔閭,1",
-513,"周,敬王,7","魯,昭公,29","齊,景公,35",,"衛,靈公,22","鄭,獻公,1","陳,惠公,21","蔡,昭侯,6","宋,景公,4",,,"趙,簡子,5",,,,"楚,昭王,3","吳,闔閭,2",
-512,"周,敬王,8","魯,昭公,30","齊,景公,36",,"衛,靈公,23","鄭,獻公,2","陳,惠公,22","蔡,昭侯,7","宋,景公,5",,,"趙,簡子,6",,,,"楚,昭王,4","吳,闔閭,3",
-511,"周,敬王,9","魯,昭公,31","齊,景公,37",,"衛,靈公,24","鄭,獻公,3","陳,惠公,23","蔡,昭侯,8","宋,景公,6","晉,定公,1",,"趙,簡子,7",,,,"楚,昭王,5","吳,闔閭,4",
-510,"周,敬王,10","魯,昭公,32","齊,景公,38",,"衛,靈公,25","鄭,獻公,4","陳,惠公,24","蔡,昭侯,9","宋,景公,7","晉,定公,2",,"趙,簡子,8",,,,"楚,昭王,6","吳,闔閭,5",
-509,"周,敬王,11","魯,定公,1","齊,景公,39",,"衛,靈公,26","鄭,獻公,5","陳,惠公,25","蔡,昭侯,10","宋,景公,8","晉,定公,3",,"趙,簡子,9",,,,"楚,昭王,7","吳,闔閭,6",
-508,"周,敬王,12","魯,定公,2","齊,景公,40",,"衛,靈公,27","鄭,獻公,6","陳,惠公,26","蔡,昭侯,11","宋,景公,9","晉,定公,4",,"趙,簡子,10",,,,"楚,昭王,8","吳,闔閭,7",
-507,"周,敬王,13","魯,定公,3","齊,景公,41",,"衛,靈公,28","鄭,獻公,7","陳,惠公,27","蔡,昭侯,12","宋,景公,10","晉,定公,5",,"趙,簡子,11",,,,"楚,昭王,9","吳,闔閭,8",
-506,"周,敬王,14","魯,定公,4","齊,景公,42",,"衛,靈公,29","鄭,獻公,8","陳,惠公,28","蔡,昭侯,13","宋,景公,11","晉,定公,6",,"趙,簡子,12",,,,"楚,昭王,10","吳,闔閭,9",
-505,"周,敬王,15","魯,定公,5","齊,景公,43",,"衛,靈公,30","鄭,獻公,9","陳,懷公,1","蔡,昭侯,14","宋,景公,12","晉,定公,7",,"趙,簡子,13",,,,"楚,昭王,11","吳,闔閭,10",
-504,"周,敬王,16","魯,定公,6","齊,景公,44",,"衛,靈公,31","鄭,獻公,10","陳,懷公,2","蔡,昭侯,15","宋,景公,13","晉,定公,8",,"趙,簡子,14",,,,"楚,昭王,12","吳,闔閭,11",
-503,"周,敬王,17","魯,定公,7","齊,景公,45",,"衛,靈公,32","鄭,獻公,11","陳,懷公,3","蔡,昭侯,16","宋,景公,14","晉,定公,9",,"趙,簡子,15",,,,"楚,昭王,13","吳,闔閭,12",
-502,"周,敬王,18","魯,定公,8","齊,景公,46",,"衛,靈公,33","鄭,獻公,12","陳,懷公,4","蔡,昭侯,17","宋,景公,15","晉,定公,10",,"趙,簡子,16",,,,"楚,昭王,14","吳,闔閭,13",
-501,"周,敬王,19","魯,定公,9","齊,景公,47",,"衛,靈公,34","鄭,獻公,13","陳,湣公,1","蔡,昭侯,18","宋,景公,16","晉,定公,11",,"趙,簡子,17",,,,"楚,昭王,15","吳,闔閭,14",
-500,"周,敬王,20","魯,定公,10","齊,景公,48",,"衛,靈公,35","鄭,聲公,1","陳,湣公,2","蔡,昭侯,19","宋,景公,17","晉,定公,12",,"趙,簡子,18",,,,"楚,昭王,16","吳,闔閭,15",
-499,"周,敬王,21","魯,定公,11","齊,景公,49",,"衛,靈公,36","鄭,聲公,2","陳,湣公,3","蔡,昭侯,20","宋,景公,18","晉,定公,13",,"趙,簡子,19",,,,"楚,昭王,17","吳,闔閭,16",
-498,"周,敬王,22","魯,定公,12","齊,景公,50",,"衛,靈公,37","鄭,聲公,3","陳,湣公,4","蔡,昭侯,21","宋,景公,19","晉,定公,14",,"趙,簡子,20",,,,"楚,昭王,18","吳,闔閭,17",
-497,"周,敬王,23","魯,定公,13","齊,景公,51",,"衛,靈公,38","鄭,聲公,4","陳,湣公,5","蔡,昭侯,22","宋,景公,20","晉,定公,15",,"趙,簡子,21",,,,"楚,昭王,19","吳,闔閭,18",
-496,"周,敬王,24","魯,定公,14","齊,景公,52",,"衛,靈公,39","鄭,聲公,5","陳,湣公,6","蔡,昭侯,23","宋,景公,21","晉,定公,16",,"趙,簡子,22",,,,"楚,昭王,20","吳,闔閭,19","越,勾踐,1"
-495,"周,敬王,25","魯,定公,15","齊,景公,53",,"衛,靈公,40","鄭,聲公,6","陳,湣公,7","蔡,昭侯,24","宋,景公,22","晉,定公,17",,"趙,簡子,23",,,,"楚,昭王,21","吳,夫差,1","越,勾踐,2"
-494,"周,敬王,26","魯,哀公,1","齊,景公,54",,"衛,靈公,41","鄭,聲公,7","陳,湣公,8","蔡,昭侯,25","宋,景公,23","晉,定公,18",,"趙,簡子,24",,,,"楚,昭王,22","吳,夫差,2","越,勾踐,3"
-493,"周,敬王,27","魯,哀公,2","齊,景公,55",,"衛,靈公,42","鄭,聲公,8","陳,湣公,9","蔡,昭侯,26","宋,景公,24","晉,定公,19",,"趙,簡子,25",,,,"楚,昭王,23","吳,夫差,3","越,勾踐,4"
-492,"周,敬王,28","魯,哀公,3","齊,景公,56",,"衛,出公,1","鄭,聲公,9","陳,湣公,10","蔡,昭侯,27","宋,景公,25","晉,定公,20",,"趙,簡子,26",,"燕,獻公,1",,"楚,昭王,24","吳,夫差,4","越,勾踐,5"
-491,"周,敬王,29","魯,哀公,4","齊,景公,57",,"衛,出公,2","鄭,聲公,10","陳,湣公,11","蔡,昭侯,28","宋,景公,26","晉,定公,21",,"趙,簡子,27",,"燕,獻公,2",,"楚,昭王,25","吳,夫差,5","越,勾踐,6"
-490,"周,敬王,30","魯,哀公,5","齊,景公,58",,"衛,出公,3","鄭,聲公,11","陳,湣公,12","蔡,成公,1","宋,景公,27","晉,定公,22",,"趙,簡子,28",,"燕,獻公,3",,"楚,昭王,26","吳,夫差,6","越,勾踐,7"
-489,"周,敬王,31","魯,哀公,6","齊,晏儒子,1",,"衛,出公,4","鄭,聲公,12","陳,湣公,13","蔡,成公,2","宋,景公,28","晉,定公,23",,"趙,簡子,29",,"燕,獻公,4",,"楚,昭王,27","吳,夫差,7","越,勾踐,8"
-488,"周,敬王,32","魯,哀公,7","齊,悼公,1",,"衛,出公,5","鄭,聲公,13","陳,湣公,14","蔡,成公,3","宋,景公,29","晉,定公,24",,"趙,簡子,30",,"燕,獻公,5",,"楚,惠王,2","吳,夫差,8","越,勾踐,9"
-487,"周,敬王,33","魯,哀公,8","齊,悼公,2",,"衛,出公,6","鄭,聲公,14","陳,湣公,15","蔡,成公,4","宋,景公,30","晉,定公,25",,"趙,簡子,31",,"燕,獻公,6",,"楚,惠王,3","吳,夫差,9","越,勾踐,10"
-486,"周,敬王,34","魯,哀公,9","齊,悼公,3",,"衛,出公,7","鄭,聲公,15","陳,湣公,16","蔡,成公,5","宋,景公,31","晉,定公,26",,"趙,簡子,32",,"燕,獻公,7",,"楚,惠王,4","吳,夫差,10","越,勾踐,11"
-485,"周,敬王,35","魯,哀公,10","齊,悼公,4",,"衛,出公,8","鄭,聲公,16","陳,湣公,17","蔡,成公,6","宋,景公,32","晉,定公,27",,"趙,簡子,33",,"燕,獻公,8",,"楚,惠王,5","吳,夫差,11","越,勾踐,12"
-484,"周,敬王,36","魯,哀公,11","齊,簡公,1",,"衛,出公,9","鄭,聲公,17","陳,湣公,18","蔡,成公,7","宋,景公,33","晉,定公,28",,"趙,簡子,34",,"燕,獻公,9",,"楚,惠王,6","吳,夫差,12","越,勾踐,13"
-483,"周,敬王,37","魯,哀公,12","齊,簡公,2",,"衛,出公,10","鄭,聲公,18","陳,湣公,19","蔡,成公,8","宋,景公,34","晉,定公,29",,"趙,簡子,35",,"燕,獻公,10",,"楚,惠王,7","吳,夫差,13","越,勾踐,14"
-482,"周,敬王,38","魯,哀公,13","齊,簡公,3",,"衛,出公,11","鄭,聲公,19","陳,湣公,20","蔡,成公,9","宋,景公,35","晉,定公,30",,"趙,簡子,36",,"燕,獻公,11",,"楚,惠王,8","吳,夫差,14","越,勾踐,15"
-481,"周,敬王,39","魯,哀公,14","齊,簡公,4",,"衛,出公,12","鄭,聲公,20","陳,湣公,21","蔡,成公,10","宋,景公,36","晉,定公,31",,"趙,簡子,37",,"燕,獻公,12",,"楚,惠王,9","吳,夫差,15","越,勾踐,16"
-480,"周,敬王,40","魯,哀公,15","齊,平公,1",,"衛,莊公,1","鄭,聲公,21","陳,湣公,22","蔡,成公,11","宋,景公,37","晉,定公,32",,"趙,簡子,38",,"燕,獻公,13",,"楚,惠王,10","吳,夫差,16","越,勾踐,17"
-479,"周,敬王,41","魯,哀公,16","齊,平公,2",,"衛,莊公,2","鄭,聲公,22","陳,湣公,23","蔡,成公,12","宋,景公,38","晉,定公,33",,"趙,簡子,39",,"燕,獻公,14",,"楚,惠王,11","吳,夫差,17","越,勾踐,18"
-478,"周,敬王,42","魯,哀公,17","齊,平公,3",,,"鄭,聲公,23","陳,湣公,24","蔡,成公,13","宋,景公,39","晉,定公,34",,"趙,簡子,40",,"燕,獻公,15",,"楚,惠王,12","吳,夫差,18","越,勾踐,19"
-477,"周,敬王,43","魯,哀公,18","齊,平公,4",,,"鄭,聲公,24",,"蔡,成公,14","宋,景公,40","晉,定公,35",,"趙,簡子,41",,"燕,獻公,16",,"楚,惠王,13","吳,夫差,19","越,勾踐,20"
-476,"周,敬王,44","魯,哀公,19","齊,平公,5",,,"鄭,聲公,25",,"蔡,成公,15","宋,景公,41","晉,定公,36",,"趙,簡子,42",,"燕,獻公,17","秦,厲公,1","楚,惠王,14","吳,夫差,20","越,勾踐,21"
-475,"周,元王,1","魯,哀公,20","齊,平公,6",,,"鄭,聲公,26",,"蔡,成公,16","宋,景公,42","晉,定公,37",,"趙,襄子,1",,"燕,獻公,18","秦,厲公,2","楚,惠王,15","吳,夫差,21","越,勾踐,22"
-474,"周,元王,2","魯,哀公,21","齊,平公,7",,,"鄭,聲公,27",,"蔡,成公,17","宋,景公,43","晉,出公,1",,"趙,襄子,2",,"燕,獻公,19","秦,厲公,3","楚,惠王,16","吳,夫差,22","越,勾踐,23"
-473,"周,元王,3","魯,哀公,22","齊,平公,8",,,"鄭,聲公,28",,"蔡,成公,18","宋,景公,44","晉,出公,2",,"趙,襄子,3",,"燕,獻公,20","秦,厲公,4","楚,惠王,17","吳,夫差,23","越,勾踐,24"
-472,"周,元王,4","魯,哀公,23","齊,平公,9",,,"鄭,聲公,29",,"蔡,成公,19","宋,景公,45","晉,出公,3",,"趙,襄子,4",,"燕,獻公,21","秦,厲公,5","楚,惠王,18",,"越,勾踐,25"
-471,"周,元王,5","魯,哀公,24","齊,平公,10",,,"鄭,聲公,30",,,"宋,景公,46","晉,出公,4",,"趙,襄子,5",,"燕,獻公,22","秦,厲公,6","楚,惠王,19",,"越,勾踐,26"
-470,"周,元王,6","魯,哀公,25","齊,平公,11",,,"鄭,聲公,31",,,"宋,景公,47","晉,出公,5",,"趙,襄子,6",,"燕,獻公,23","秦,厲公,7","楚,惠王,20",,"越,勾踐,27"
-469,"周,元王,7","魯,哀公,26","齊,平公,12",,,"鄭,聲公,32",,,"宋,景公,48","晉,出公,6",,"趙,襄子,7",,"燕,獻公,24","秦,厲公,8","楚,惠王,21",,"越,勾踐,28"
-468,"周,貞定王,1","魯,哀公,27","齊,平公,13",,,"鄭,聲公,33",,,"宋,昭公,1","晉,出公,7",,"趙,襄子,8",,"燕,獻公,25","秦,厲公,9","楚,惠王,22",,"越,勾踐,29"
-467,"周,貞定王,2","魯,悼公,1","齊,平公,14",,,"鄭,聲公,34",,,"宋,昭公,2","晉,出公,8",,"趙,襄子,9",,"燕,獻公,26","秦,厲公,10","楚,惠王,23",,"越,勾踐,30"
-466,"周,貞定王,3","魯,悼公,2","齊,平公,15",,,"鄭,聲公,35",,,"宋,昭公,3","晉,出公,9",,"趙,襄子,10",,"燕,獻公,27","秦,厲公,11","楚,惠王,24",,"越,勾踐,31"
-465,"周,貞定王,4","魯,悼公,3","齊,平公,16",,,"鄭,聲公,36",,,"宋,昭公,4","晉,出公,10",,"趙,襄子,11",,"燕,獻公,28","秦,厲公,12","楚,惠王,25",,"越,勾踐,32"
-464,"周,貞定王,5","魯,悼公,4","齊,平公,17",,,"鄭,聲公,37",,,"宋,昭公,5","晉,出公,11",,"趙,襄子,12",,"燕,孝公,1","秦,厲公,13","楚,惠王,26",,"越,鹿郢,1"
-463,"周,貞定王,6","魯,悼公,5","齊,平公,18",,,"鄭,聲公,38",,,"宋,昭公,6","晉,出公,12",,"趙,襄子,13",,"燕,孝公,2","秦,厲公,14","楚,惠王,27",,"越,鹿郢,2"
-462,"周,貞定王,7","魯,悼公,6","齊,平公,19",,,"鄭,哀公,1",,,"宋,昭公,7","晉,出公,13",,"趙,襄子,14",,"燕,孝公,3","秦,厲公,15","楚,惠王,28",,"越,鹿郢,3"
-461,"周,貞定王,8","魯,悼公,7","齊,平公,20",,,"鄭,哀公,2",,,"宋,昭公,8","晉,出公,14",,"趙,襄子,15",,"燕,孝公,4","秦,厲公,16","楚,惠王,29",,"越,鹿郢,4"
-460,"周,貞定王,9","魯,悼公,8","齊,平公,21",,,"鄭,哀公,3",,,"宋,昭公,9","晉,出公,15",,"趙,襄子,16",,"燕,孝公,5","秦,厲公,17","楚,惠王,30",,"越,鹿郢,5"
-459,"周,貞定王,10","魯,悼公,9","齊,平公,22",,,"鄭,哀公,4",,,"宋,昭公,10","晉,出公,16",,"趙,襄子,17",,"燕,孝公,6","秦,厲公,18","楚,惠王,31",,"越,鹿郢,6"
-458,"周,貞定王,11","魯,悼公,10","齊,平公,23",,,"鄭,哀公,5",,,"宋,昭公,11","晉,出公,17",,"趙,襄子,18",,"燕,孝公,7","秦,厲公,19","楚,惠王,32",,"越,不壽,1"
-457,"周,貞定王,12","魯,悼公,11","齊,平公,24",,,"鄭,哀公,6",,,"宋,昭公,12","晉,出公,18",,"趙,襄子,19",,"燕,孝公,8","秦,厲公,20","楚,惠王,33",,"越,不壽,2"
-456,"周,貞定王,13","魯,悼公,12","齊,平公,25",,,"鄭,哀公,7",,,"宋,昭公,13","晉,出公,19",,"趙,襄子,20",,"燕,孝公,9","秦,厲公,21","楚,惠王,34",,"越,不壽,3"
-455,"周,貞定王,14","魯,悼公,13","齊,宣公,1",,,"鄭,哀公,8",,,"宋,昭公,14","晉,出公,20","韓,康子,1","趙,襄子,21","魏,桓子,1","燕,孝公,10","秦,厲公,22","楚,惠王,35",,"越,不壽,4"
-454,"周,貞定王,15","魯,悼公,14","齊,宣公,2",,,"鄭,共公,1",,,"宋,昭公,15","晉,出公,21",,"趙,襄子,22","魏,桓子,2","燕,成公,1","秦,厲公,23","楚,惠王,36",,"越,不壽,5"
-453,"周,貞定王,16","魯,悼公,15","齊,宣公,3",,,"鄭,共公,2",,,"宋,昭公,16","晉,出公,22",,"趙,襄子,23","魏,桓子,3","燕,成公,2","秦,厲公,24","楚,惠王,37",,"越,不壽,6"
-452,"周,貞定王,17","魯,悼公,16","齊,宣公,4",,,"鄭,共公,3",,,"宋,昭公,17","晉,出公,23",,"趙,襄子,24","魏,桓子,4","燕,成公,3","秦,厲公,25","楚,惠王,38",,"越,不壽,7"
-451,"周,貞定王,18","魯,悼公,17","齊,宣公,5",,,"鄭,共公,4",,,"宋,昭公,18","晉,敬公,1",,"趙,襄子,25","魏,桓子,5","燕,成公,4","秦,厲公,26","楚,惠王,39",,"越,不壽,8"
-450,"周,貞定王,19","魯,悼公,18","齊,宣公,6",,,"鄭,共公,5",,,"宋,昭公,19","晉,敬公,2",,"趙,襄子,26","魏,桓子,6","燕,成公,5","秦,厲公,27","楚,惠王,40",,"越,不壽,9"
-449,"周,貞定王,20","魯,悼公,19","齊,宣公,7",,,"鄭,共公,6",,,"宋,昭公,20","晉,敬公,3",,"趙,襄子,27","魏,桓子,7","燕,成公,6","秦,厲公,28","楚,惠王,41",,"越,不壽,10"
-448,"周,貞定王,21","魯,悼公,20","齊,宣公,8",,,"鄭,共公,7",,,"宋,昭公,21","晉,敬公,4",,"趙,襄子,28",,"燕,成公,7","秦,厲公,29","楚,惠王,42",,"越,朱勾,1"
-447,"周,貞定王,22","魯,悼公,21","齊,宣公,9",,,"鄭,共公,8",,,"宋,昭公,22","晉,敬公,5",,"趙,襄子,29",,"燕,成公,8","秦,厲公,30","楚,惠王,43",,"越,朱勾,2"
-446,"周,貞定王,23","魯,悼公,22","齊,宣公,10",,,"鄭,共公,9",,,"宋,昭公,23","晉,敬公,6",,"趙,襄子,30","魏,文侯,1","燕,成公,9","秦,厲公,31","楚,惠王,44",,"越,朱勾,3"
-445,"周,貞定王,24","魯,悼公,23","齊,宣公,11",,,"鄭,共公,10",,,"宋,昭公,24","晉,敬公,7",,"趙,襄子,31","魏,文侯,2","燕,成公,10","秦,厲公,32","楚,惠王,45",,"越,朱勾,4"
-444,"周,貞定王,25","魯,悼公,24","齊,宣公,12",,,"鄭,共公,11",,,"宋,昭公,25","晉,敬公,8",,"趙,襄子,32","魏,文侯,3","燕,成公,11","秦,厲公,33","楚,惠王,46",,"越,朱勾,5"
-443,"周,貞定王,26","魯,悼公,25","齊,宣公,13",,,"鄭,共公,12",,,"宋,昭公,26","晉,敬公,9",,"趙,襄子,33","魏,文侯,4","燕,成公,12","秦,厲公,34","楚,惠王,47",,"越,朱勾,6"
-442,"周,貞定王,27","魯,悼公,26","齊,宣公,14",,,"鄭,共公,13",,,"宋,昭公,27","晉,敬公,10",,"趙,襄子,34","魏,文侯,5","燕,成公,13","秦,躁公,1","楚,惠王,48",,"越,朱勾,7"
-441,"周,貞定王,28","魯,悼公,27","齊,宣公,15",,,"鄭,共公,14",,,"宋,昭公,28","晉,敬公,11",,"趙,襄子,35","魏,文侯,6","燕,成公,14","秦,躁公,2","楚,惠王,49",,"越,朱勾,8"
-440,"周,考王,1","魯,悼公,28","齊,宣公,16",,,"鄭,共公,15",,,"宋,昭公,29","晉,敬公,12",,"趙,襄子,36","魏,文侯,7","燕,成公,15","秦,躁公,3","楚,惠王,50",,"越,朱勾,9"
-439,"周,考王,2","魯,悼公,29","齊,宣公,17",,,"鄭,共公,16",,,"宋,昭公,30","晉,敬公,13",,"趙,襄子,37","魏,文侯,8","燕,成公,16","秦,躁公,4","楚,惠王,51",,"越,朱勾,10"
-438,"周,考王,3","魯,悼公,30","齊,宣公,18",,,"鄭,共公,17",,,"宋,昭公,31","晉,敬公,14",,"趙,襄子,38","魏,文侯,9","燕,文公,1","秦,躁公,5","楚,惠王,52",,"越,朱勾,11"
-437,"周,考王,4","魯,悼公,31","齊,宣公,19",,,"鄭,共公,18",,,"宋,昭公,32","晉,敬公,15",,"趙,襄子,39","魏,文侯,10","燕,文公,2","秦,躁公,6","楚,惠王,53",,"越,朱勾,12"
-436,"周,考王,5","魯,元公,1","齊,宣公,20",,,"鄭,共公,19",,,"宋,昭公,33","晉,敬公,16",,"趙,襄子,40","魏,文侯,11","燕,文公,3","秦,躁公,7","楚,惠王,54",,"越,朱勾,13"
-435,"周,考王,6","魯,元公,2","齊,宣公,21",,,"鄭,共公,20",,,"宋,昭公,34","晉,敬公,17",,"趙,襄子,41","魏,文侯,12","燕,文公,4","秦,躁公,8","楚,惠王,55",,"越,朱勾,14"
-434,"周,考王,7","魯,元公,3","齊,宣公,22",,,"鄭,共公,21",,,"宋,昭公,35","晉,敬公,18",,"趙,襄子,42","魏,文侯,13","燕,文公,5","秦,躁公,9","楚,惠王,56",,"越,朱勾,15"
-433,"周,考王,8","魯,元公,4","齊,宣公,23",,,"鄭,共公,22",,,"宋,昭公,36","晉,幽公,1",,"趙,襄子,43","魏,文侯,14","燕,文公,6","秦,躁公,10","楚,惠王,57",,"越,朱勾,16"
-432,"周,考王,9","魯,元公,5","齊,宣公,24",,,"鄭,共公,23",,,"宋,昭公,37","晉,幽公,2",,"趙,襄子,44","魏,文侯,15","燕,文公,7","秦,躁公,11",,,"越,朱勾,17"
-431,"周,考王,10","魯,元公,6","齊,宣公,25",,,"鄭,共公,24",,,"宋,昭公,38","晉,幽公,3",,"趙,襄子,45","魏,文侯,16","燕,文公,8","秦,躁公,12","楚,簡王,1",,"越,朱勾,18"
-430,"周,考王,11","魯,元公,7","齊,宣公,26",,,"鄭,共公,25",,,"宋,昭公,39","晉,幽公,4",,"趙,襄子,46","魏,文侯,17","燕,文公,9","秦,躁公,13","楚,簡王,2",,"越,朱勾,19"
-429,"周,考王,12","魯,元公,8","齊,宣公,27",,,"鄭,共公,26",,,"宋,昭公,40","晉,幽公,5",,"趙,襄子,47","魏,文侯,18","燕,文公,10","秦,躁公,14","楚,簡王,3",,"越,朱勾,20"
-428,"周,考王,13","魯,元公,9","齊,宣公,28",,,"鄭,共公,27",,,"宋,昭公,41","晉,幽公,6",,"趙,襄子,48","魏,文侯,19","燕,文公,11","秦,懷公,1","楚,簡王,4",,"越,朱勾,21"
-427,"周,考王,14","魯,元公,10","齊,宣公,29",,,"鄭,共公,28",,,"宋,昭公,42","晉,幽公,7",,"趙,襄子,49","魏,文侯,20","燕,文公,12","秦,懷公,2","楚,簡王,5",,"越,朱勾,22"
-426,"周,考王,15","魯,元公,11","齊,宣公,30",,,"鄭,共公,29",,,"宋,昭公,43","晉,幽公,8",,"趙,襄子,50","魏,文侯,21","燕,文公,13","秦,懷公,3","楚,簡王,6",,"越,朱勾,23"
-425,"周,威烈王,1","魯,元公,12","齊,宣公,31",,,"鄭,共公,30",,,"宋,昭公,44","晉,幽公,9",,"趙,襄子,51","魏,文侯,22","燕,文公,14","秦,懷公,4","楚,簡王,7",,"越,朱勾,24"
-424,"周,威烈王,2","魯,元公,13","齊,宣公,32",,,"鄭,共公,31",,,"宋,昭公,45","晉,幽公,10","韓,武子,1","趙,桓子,1","魏,文侯,23","燕,文公,15","秦,靈公,1","楚,簡王,8",,"越,朱勾,25"
-423,"周,威烈王,3","魯,元公,14","齊,宣公,33",,,"鄭,幽公,1",,,"宋,昭公,46","晉,幽公,11","韓,武子,2","趙,獻子,1","魏,文侯,24","燕,文公,16","秦,靈公,2","楚,簡王,9",,"越,朱勾,26"
-422,"周,威烈王,4","魯,元公,15","齊,宣公,34",,,"鄭,繻公,1",,,"宋,昭公,47","晉,幽公,12","韓,武子,3","趙,獻子,2","魏,文侯,25","燕,文公,17","秦,靈公,3","楚,簡王,10",,"越,朱勾,27"
-421,"周,威烈王,5","魯,元公,16","齊,宣公,35",,,"鄭,繻公,2",,,"宋,悼公,1","晉,幽公,13","韓,武子,4","趙,獻子,3","魏,文侯,26","燕,文公,18","秦,靈公,4","楚,簡王,11",,"越,朱勾,28"
-420,"周,威烈王,6","魯,元公,17","齊,宣公,36",,,"鄭,繻公,3",,,"宋,悼公,2","晉,幽公,14","韓,武子,5","趙,獻子,4","魏,文侯,27","燕,文公,19","秦,靈公,5","楚,簡王,12",,"越,朱勾,29"
-419,"周,威烈王,7","魯,元公,18","齊,宣公,37",,,"鄭,繻公,4",,,"宋,悼公,3","晉,幽公,15","韓,武子,6","趙,獻子,5","魏,文侯,28","燕,文公,20","秦,靈公,6","楚,簡王,13",,"越,朱勾,30"
-418,"周,威烈王,8","魯,元公,19","齊,宣公,38",,,"鄭,繻公,5",,,"宋,悼公,4","晉,幽公,16","韓,武子,7","趙,獻子,6","魏,文侯,29","燕,文公,21","秦,靈公,7","楚,簡王,14",,"越,朱勾,31"
-417,"周,威烈王,9","魯,元公,20","齊,宣公,39",,,"鄭,繻公,6",,,"宋,悼公,5","晉,幽公,17","韓,武子,8","趙,獻子,7","魏,文侯,30","燕,文公,22","秦,靈公,8","楚,簡王,15",,"越,朱勾,32"
-416,"周,威烈王,10","魯,元公,21","齊,宣公,40",,,"鄭,繻公,7",,,"宋,悼公,6","晉,烈公,1","韓,武子,9","趙,獻子,8","魏,文侯,31","燕,文公,23","秦,靈公,9","楚,簡王,16",,"越,朱勾,33"
-415,"周,威烈王,11","魯,繆公,1","齊,宣公,41",,,"鄭,繻公,8",,,"宋,悼公,7","晉,烈公,2","韓,武子,10","趙,獻子,9","魏,文侯,32","燕,文公,24","秦,靈公,10","楚,簡王,17",,"越,朱勾,34"
-414,"周,威烈王,12","魯,繆公,2","齊,宣公,42",,,"鄭,繻公,9",,,"宋,悼公,8","晉,烈公,3","韓,武子,11","趙,獻子,10","魏,文侯,33","燕,簡公,1","秦,簡公,1","楚,簡王,18",,"越,朱勾,35"
-413,"周,威烈王,13","魯,繆公,3","齊,宣公,43",,,"鄭,繻公,10",,,"宋,悼公,9","晉,烈公,4","韓,武子,12","趙,獻子,11","魏,文侯,34","燕,簡公,2","秦,簡公,2","楚,簡王,19",,"越,朱勾,36"
-412,"周,威烈王,14","魯,繆公,4","齊,宣公,44",,,"鄭,繻公,11",,,"宋,悼公,10","晉,烈公,5","韓,武子,13","趙,獻子,12","魏,文侯,35","燕,簡公,3","秦,簡公,3","楚,簡王,20",,"越,朱勾,37"
-411,"周,威烈王,15","魯,繆公,5","齊,宣公,45",,,"鄭,繻公,12",,,"宋,悼公,11","晉,烈公,6","韓,武子,14","趙,獻子,13","魏,文侯,36","燕,簡公,4","秦,簡公,4","楚,簡王,21",,"越,翳,1"
-410,"周,威烈王,16","魯,繆公,6","齊,宣公,46","田齊,悼公,1",,"鄭,繻公,13",,,"宋,悼公,12","晉,烈公,7","韓,武子,15","趙,獻子,14","魏,文侯,37","燕,簡公,5","秦,簡公,5","楚,簡王,22",,"越,翳,2"
-409,"周,威烈王,17","魯,繆公,7","齊,宣公,47","田齊,悼公,2",,"鄭,繻公,14",,,"宋,悼公,13","晉,烈公,8","韓,武子,16","趙,獻子,15","魏,文侯,38","燕,簡公,6","秦,簡公,6","楚,簡王,23",,"越,翳,3"
-408,"周,威烈王,18","魯,繆公,8","齊,宣公,48","田齊,悼公,3",,"鄭,繻公,15",,,"宋,悼公,14","晉,烈公,9","韓,景侯,1","趙,烈侯,1","魏,文侯,39","燕,簡公,7","秦,簡公,7","楚,簡王,24",,"越,翳,4"
-407,"周,威烈王,19","魯,繆公,9","齊,宣公,49","田齊,悼公,4",,"鄭,繻公,16",,,"宋,悼公,15","晉,烈公,10","韓,景侯,2","趙,烈侯,2","魏,文侯,40","燕,簡公,8","秦,簡公,8","楚,聲王,1",,"越,翳,5"
-406,"周,威烈王,20","魯,繆公,10","齊,宣公,50","田齊,悼公,5",,"鄭,繻公,17",,,"宋,悼公,16","晉,烈公,11","韓,景侯,3","趙,烈侯,3","魏,文侯,41","燕,簡公,9","秦,簡公,9","楚,聲王,2",,"越,翳,6"
-405,"周,威烈王,21","魯,繆公,11","齊,宣公,51","田齊,田和,1",,"鄭,繻公,18",,,"宋,悼公,17","晉,烈公,12","韓,景侯,4","趙,烈侯,4","魏,文侯,42","燕,簡公,10","秦,簡公,10","楚,聲王,3",,"越,翳,7"
-404,"周,威烈王,22","魯,繆公,12","齊,康公,1","田齊,田和,2",,"鄭,繻公,19",,,"宋,悼公,18","晉,烈公,13","韓,景侯,5","趙,烈侯,5","魏,文侯,43","燕,簡公,11","秦,簡公,11","楚,聲王,4",,"越,翳,8"
-403,"周,威烈王,23","魯,繆公,13","齊,康公,2","田齊,田和,3",,"鄭,繻公,20",,,"宋,休公,1","晉,烈公,14","韓,景侯,6","趙,烈侯,6","魏,文侯,44","燕,簡公,12","秦,簡公,12","楚,聲王,5",,"越,翳,9"
-402,"周,威烈王,24","魯,繆公,14","齊,康公,3","田齊,田和,4",,"鄭,繻公,21",,,"宋,休公,2","晉,烈公,15","韓,景侯,7","趙,烈侯,7","魏,文侯,45","燕,簡公,13","秦,簡公,13","楚,聲王,6",,"越,翳,10"
-401,"周,安王,1","魯,繆公,15","齊,康公,4","田齊,田和,5",,"鄭,繻公,22",,,"宋,休公,3","晉,烈公,16","韓,景侯,8","趙,烈侯,8","魏,文侯,46","燕,簡公,14","秦,簡公,14","楚,悼王,1",,"越,翳,11"
-400,"周,安王,2","魯,繆公,16","齊,康公,5","田齊,田和,6",,"鄭,繻公,23",,,"宋,休公,4","晉,烈公,17","韓,景侯,9","趙,烈侯,9","魏,文侯,47","燕,簡公,15","秦,簡公,15","楚,悼王,2",,"越,翳,12"
-399,"周,安王,3","魯,繆公,17","齊,康公,6","田齊,田和,7",,"鄭,繻公,24",,,"宋,休公,5","晉,烈公,18","韓,烈侯,1","趙,烈侯,10","魏,文侯,48","燕,簡公,16","秦,惠公,1","楚,悼王,3",,"越,翳,13"
-398,"周,安王,4","魯,繆公,18","齊,康公,7","田齊,田和,8",,"鄭,繻公,25",,,"宋,休公,6","晉,烈公,19","韓,烈侯,2","趙,烈侯,11","魏,文侯,49","燕,簡公,17","秦,惠公,2","楚,悼王,4",,"越,翳,14"
-397,"周,安王,5","魯,繆公,19","齊,康公,8","田齊,田和,9",,"鄭,繻公,26",,,"宋,休公,7","晉,烈公,20","韓,烈侯,3","趙,烈侯,12","魏,文侯,50","燕,簡公,18","秦,惠公,3","楚,悼王,5",,"越,翳,15"
-396,"周,安王,6","魯,繆公,20","齊,康公,9","田齊,田和,10",,"鄭,繻公,27",,,"宋,休公,8","晉,烈公,21","韓,烈侯,4","趙,烈侯,13","魏,武侯,1","燕,簡公,19","秦,惠公,4","楚,悼王,6",,"越,翳,16"
-395,"周,安王,7","魯,繆公,21","齊,康公,10","田齊,田和,11",,"鄭,康公,1",,,"宋,休公,9","晉,烈公,22","韓,烈侯,5","趙,烈侯,14","魏,武侯,2","燕,簡公,20","秦,惠公,5","楚,悼王,7",,"越,翳,17"
-394,"周,安王,8","魯,繆公,22","齊,康公,11","田齊,田和,12",,"鄭,康公,2",,,"宋,休公,10","晉,烈公,23","韓,烈侯,6","趙,烈侯,15","魏,武侯,3","燕,簡公,21","秦,惠公,6","楚,悼王,8",,"越,翳,18"
-393,"周,安王,9","魯,繆公,23","齊,康公,12","田齊,田和,13",,"鄭,康公,3",,,"宋,休公,11","晉,烈公,24","韓,烈侯,7","趙,烈侯,16","魏,武侯,4","燕,簡公,22","秦,惠公,7","楚,悼王,9",,"越,翳,19"
-392,"周,安王,10","魯,繆公,24","齊,康公,13","田齊,田和,14",,"鄭,康公,4",,,"宋,休公,12","晉,烈公,25","韓,烈侯,8","趙,烈侯,17","魏,武侯,5","燕,簡公,23","秦,惠公,8","楚,悼王,10",,"越,翳,20"
-391,"周,安王,11","魯,繆公,25","齊,康公,14","田齊,田和,15",,"鄭,康公,5",,,"宋,休公,13","晉,烈公,26","韓,烈侯,9","趙,烈侯,18","魏,武侯,6","燕,簡公,24","秦,惠公,9","楚,悼王,11",,"越,翳,21"
-390,"周,安王,12","魯,繆公,26","齊,康公,15","田齊,田和,16",,"鄭,康公,6",,,"宋,休公,14","晉,烈公,27","韓,烈侯,10","趙,烈侯,19","魏,武侯,7","燕,簡公,25","秦,惠公,10","楚,悼王,12",,"越,翳,22"
-389,"周,安王,13","魯,繆公,27","齊,康公,16","田齊,田和,17",,"鄭,康公,7",,,"宋,休公,15","晉,桓侯,1","韓,烈侯,11","趙,烈侯,20","魏,武侯,8","燕,簡公,26","秦,惠公,11","楚,悼王,13",,"越,翳,23"
-388,"周,安王,14","魯,繆公,28","齊,康公,17","田齊,田和,18",,"鄭,康公,8",,,"宋,休公,16","晉,桓侯,2","韓,烈侯,12","趙,烈侯,21","魏,武侯,9","燕,簡公,27","秦,惠公,12","楚,悼王,14",,"越,翳,24"
-387,"周,安王,15","魯,繆公,29","齊,康公,18","田齊,田和,19",,"鄭,康公,9",,,"宋,休公,17","晉,桓侯,3","韓,烈侯,13","趙,烈侯,22","魏,武侯,10","燕,簡公,28","秦,惠公,13","楚,悼王,15",,"越,翳,25"
-386,"周,安王,16","魯,繆公,30","齊,康公,19","田齊,田和,20",,"鄭,康公,10",,,"宋,休公,18","晉,桓侯,4","韓,文侯,1","趙,敬侯,1","魏,武侯,11","燕,簡公,29","秦,出子,1","楚,悼王,16",,"越,翳,26"
-385,"周,安王,17","魯,繆公,31","齊,康公,20","田齊,田和,21",,"鄭,康公,11",,,"宋,休公,19","晉,桓侯,5","韓,文侯,2","趙,敬侯,2","魏,武侯,12","燕,簡公,30","秦,出子,2","楚,悼王,17",,"越,翳,27"
-384,"周,安王,18","魯,繆公,32","齊,康公,21","田齊,田剡,1",,"鄭,康公,12",,,"宋,休公,20","晉,桓侯,6","韓,文侯,3","趙,敬侯,3","魏,武侯,13","燕,簡公,31","秦,獻公,1","楚,悼王,18",,"越,翳,28"
-383,"周,安王,19","魯,繆公,33","齊,康公,22","田齊,田剡,2",,"鄭,康公,13",,,"宋,休公,21","晉,桓侯,7","韓,文侯,4","趙,敬侯,4","魏,武侯,14","燕,簡公,32","秦,獻公,2","楚,悼王,19",,"越,翳,29"
-382,"周,安王,20","魯,共公,1","齊,康公,23","田齊,田剡,3",,"鄭,康公,14",,,"宋,休公,22","晉,桓侯,8","韓,文侯,5","趙,敬侯,5","魏,武侯,15","燕,簡公,33","秦,獻公,3","楚,悼王,20",,"越,翳,30"
-381,"周,安王,21","魯,共公,2","齊,康公,24","田齊,田剡,4",,"鄭,康公,15",,,"宋,休公,23","晉,桓侯,9","韓,文侯,6","趙,敬侯,6","魏,武侯,16","燕,簡公,34","秦,獻公,4","楚,悼王,21",,"越,翳,31"
-380,"周,安王,22","魯,共公,3","齊,康公,25","田齊,田剡,5",,"鄭,康公,16",,,"宋,桓侯,1","晉,桓侯,10","韓,文侯,7","趙,敬侯,7","魏,武侯,17","燕,簡公,35","秦,獻公,5","楚,肅王,1",,"越,翳,32"
-379,"周,安王,23","魯,共公,4","齊,康公,26","田齊,田剡,6",,"鄭,康公,17",,,"宋,桓侯,2","晉,桓侯,11","韓,文侯,8","趙,敬侯,8","魏,武侯,18","燕,簡公,36","秦,獻公,6","楚,肅王,2",,"越,翳,33"
-378,"周,安王,24","魯,共公,5",,"田齊,田剡,7",,"鄭,康公,18",,,"宋,桓侯,3","晉,桓侯,12","韓,文侯,9","趙,敬侯,9","魏,武侯,19","燕,簡公,37","秦,獻公,7","楚,肅王,3",,"越,翳,34"
-377,"周,安王,25","魯,共公,6",,"田齊,田剡,8",,"鄭,康公,19",,,"宋,桓侯,4","晉,桓侯,13","韓,文侯,10","趙,敬侯,10","魏,武侯,20","燕,簡公,38","秦,獻公,8","楚,肅王,4",,"越,翳,35"
-376,"周,安王,26","魯,共公,7",,"田齊,田剡,9",,"鄭,康公,20",,,"宋,桓侯,5","晉,桓侯,14","韓,哀侯,1","趙,敬侯,11","魏,武侯,21","燕,簡公,39","秦,獻公,9","楚,肅王,5",,"越,翳,36"
-375,"周,烈王,1","魯,共公,8",,"田齊,桓公,1",,,,,"宋,桓侯,6","晉,桓侯,15","韓,哀侯,2","趙,敬侯,12","魏,武侯,22","燕,簡公,40","秦,獻公,10","楚,肅王,6",,"越,無余之,1"
-374,"周,烈王,2","魯,共公,9",,"田齊,桓公,2",,,,,"宋,桓侯,7","晉,桓侯,16","韓,懿侯,1","趙,成侯,1","魏,武侯,23","燕,簡公,41","秦,獻公,11","楚,肅王,7",,"越,無余之,2"
-373,"周,烈王,3","魯,共公,10",,"田齊,桓公,3",,,,,"宋,桓侯,8","晉,桓侯,17","韓,懿侯,2","趙,成侯,2","魏,武侯,24","燕,簡公,42","秦,獻公,12","楚,肅王,8",,"越,無余之,3"
-372,"周,烈王,4","魯,共公,11",,"田齊,桓公,4",,,,,"宋,桓侯,9","晉,桓侯,18","韓,懿侯,3","趙,成侯,3","魏,武侯,25","燕,簡公,43","秦,獻公,13","楚,肅王,9",,"越,無余之,4"
-371,"周,烈王,5","魯,共公,12",,"田齊,桓公,5",,,,,"宋,桓侯,10","晉,桓侯,19","韓,懿侯,4","趙,成侯,4","魏,武侯,26","燕,簡公,44","秦,獻公,14","楚,肅王,10",,"越,無余之,5"
-370,"周,烈王,6","魯,共公,13",,"田齊,桓公,6",,,,,"宋,桓侯,11","晉,桓侯,20","韓,懿侯,5","趙,成侯,5","魏,惠王,1","燕,簡公,45","秦,獻公,15","楚,肅王,11",,"越,無余之,6"
-369,"周,烈王,7","魯,共公,14",,"田齊,桓公,7",,,,,"宋,桓侯,12","晉,桓侯,21","韓,懿侯,6","趙,成侯,6","魏,惠王,2","燕,孝,1","秦,獻公,16","楚,宣王,1",,"越,無余之,7"
-368,"周,顯王,1","魯,共公,15",,"田齊,桓公,8",,,,,"宋,桓侯,13","晉,桓侯,22","韓,懿侯,7","趙,成侯,7","魏,惠王,3","燕,孝,2","秦,獻公,17","楚,宣王,2",,"越,無余之,8"
-367,"周,顯王,2","魯,共公,16",,"田齊,桓公,9",,,,,"宋,桓侯,14","晉,桓侯,23","韓,懿侯,8","趙,成侯,8","魏,惠王,4","燕,孝,3","秦,獻公,18","楚,宣王,3",,"越,無余之,9"
-366,"周,顯王,3","魯,共公,17",,"田齊,桓公,10",,,,,"宋,桓侯,15","晉,桓侯,24","韓,懿侯,9","趙,成侯,9","魏,惠王,5","燕,孝,4","秦,獻公,19","楚,宣王,4",,"越,無余之,10"
-365,"周,顯王,4","魯,共公,18",,"田齊,桓公,11",,,,,"宋,桓侯,16","晉,桓侯,25","韓,懿侯,10","趙,成侯,10","魏,惠王,6","燕,孝,5","秦,獻公,20","楚,宣王,5",,"越,無余之,11"
-364,"周,顯王,5","魯,共公,19",,"田齊,桓公,12",,,,,"宋,桓侯,17","晉,桓侯,26","韓,懿侯,11","趙,成侯,11","魏,惠王,7","燕,孝,6","秦,獻公,21","楚,宣王,6",,"越,無余之,12"
-363,"周,顯王,6","魯,共公,20",,"田齊,桓公,13",,,,,"宋,桓侯,18","晉,桓侯,27","韓,懿侯,12","趙,成侯,12","魏,惠王,8","燕,孝,7","秦,獻公,22","楚,宣王,7",,"越,無顓,1"
-362,"周,顯王,7","魯,共公,21",,"田齊,桓公,14",,,,,"宋,桓侯,19","晉,桓侯,28","韓,昭侯,1","趙,成侯,13","魏,惠王,9","燕,孝,8","秦,獻公,23","楚,宣王,8",,"越,無顓,2"
-361,"周,顯王,8","魯,共公,22",,"田齊,桓公,15",,,,,"宋,桓侯,20","晉,桓侯,29","韓,昭侯,2","趙,成侯,14","魏,惠王,10","燕,後文公,1","秦,孝公,1","楚,宣王,9",,"越,無顓,3"
-360,"周,顯王,9","魯,共公,23",,"田齊,桓公,16",,,,,"宋,桓侯,21","晉,桓侯,30","韓,昭侯,3","趙,成侯,15","魏,惠王,11","燕,後文公,2","秦,孝公,2","楚,宣王,10",,"越,無顓,4"
-359,"周,顯王,10","魯,共公,24",,"田齊,桓公,17",,,,,"宋,桓侯,22","晉,桓侯,31","韓,昭侯,4","趙,成侯,16","魏,惠王,12","燕,後文公,3","秦,孝公,3","楚,宣王,11",,"越,無顓,5"
-358,"周,顯王,11","魯,共公,25",,"田齊,桓公,18",,,,,"宋,桓侯,23","晉,桓侯,32","韓,昭侯,5","趙,成侯,17","魏,惠王,13","燕,後文公,4","秦,孝公,4","楚,宣王,12",,"越,無顓,6"
-357,"周,顯王,12","魯,共公,26",,"田齊,威王,1",,,,,"宋,桓侯,24","晉,靜公,1","韓,昭侯,6","趙,成侯,18","魏,惠王,14","燕,後文公,5","秦,孝公,5","楚,宣王,13",,"越,無顓,7"
-356,"周,顯王,13","魯,共公,27",,"田齊,威王,2",,,,,"宋,桓侯,25","晉,靜公,2","韓,昭侯,7","趙,成侯,19","魏,惠王,15","燕,後文公,6","秦,孝公,6","楚,宣王,14",,"越,無顓,8"
-355,"周,顯王,14","魯,共公,28",,"田齊,威王,3",,,,,"宋,桓侯,26","晉,靜公,3","韓,昭侯,8","趙,成侯,20","魏,惠王,16","燕,後文公,7","秦,孝公,7","楚,宣王,15",,"越,無疆,1"
-354,"周,顯王,15","魯,共公,29",,"田齊,威王,4",,,,,"宋,桓侯,27","晉,靜公,4","韓,昭侯,9","趙,成侯,21","魏,惠王,17","燕,後文公,8","秦,孝公,8","楚,宣王,16",,"越,無疆,2"
-353,"周,顯王,16","魯,共公,30",,"田齊,威王,5",,,,,"宋,桓侯,28","晉,靜公,5","韓,昭侯,10","趙,成侯,22","魏,惠王,18","燕,後文公,9","秦,孝公,9","楚,宣王,17",,"越,無疆,3"
-352,"周,顯王,17","魯,共公,31",,"田齊,威王,6",,,,,"宋,桓侯,29","晉,靜公,6","韓,昭侯,11","趙,成侯,23","魏,惠王,19","燕,後文公,10","秦,孝公,10","楚,宣王,18",,"越,無疆,4"
-351,"周,顯王,18","魯,共公,32",,"田齊,威王,7",,,,,"宋,桓侯,30","晉,靜公,7","韓,昭侯,12","趙,成侯,24","魏,惠王,20","燕,後文公,11","秦,孝公,11","楚,宣王,19",,"越,無疆,5"
-350,"周,顯王,19","魯,康公,1",,"田齊,威王,8",,,,,"宋,桓侯,31","晉,靜公,8","韓,昭侯,13","趙,成侯,25","魏,惠王,21","燕,後文公,12","秦,孝公,12","楚,宣王,20",,"越,無疆,6"
-349,"周,顯王,20","魯,康公,2",,"田齊,威王,9",,,,,"宋,桓侯,32","晉,靜公,9","韓,昭侯,14","趙,肅侯,1","魏,惠王,22","燕,後文公,13","秦,孝公,13","楚,宣王,21",,"越,無疆,7"
-348,"周,顯王,21","魯,康公,3",,"田齊,威王,10",,,,,"宋,桓侯,33",,"韓,昭侯,15","趙,肅侯,2","魏,惠王,23","燕,後文公,14","秦,孝公,14","楚,宣王,22",,"越,無疆,8"
-347,"周,顯王,22","魯,康公,4",,"田齊,威王,11",,,,,"宋,桓侯,34",,"韓,昭侯,16","趙,肅侯,3","魏,惠王,24","燕,後文公,15","秦,孝公,15","楚,宣王,23",,"越,無疆,9"
-346,"周,顯王,23","魯,康公,5",,"田齊,威王,12",,,,,"宋,桓侯,35",,"韓,昭侯,17","趙,肅侯,4","魏,惠王,25","燕,後文公,16","秦,孝公,16","楚,宣王,24",,"越,無疆,10"
-345,"周,顯王,24","魯,康公,6",,"田齊,威王,13",,,,,"宋,桓侯,36",,"韓,昭侯,18","趙,肅侯,5","魏,惠王,26","燕,後文公,17","秦,孝公,17","楚,宣王,25",,
-344,"周,顯王,25","魯,康公,7",,"田齊,威王,14",,,,,"宋,桓侯,37",,"韓,昭侯,19","趙,肅侯,6","魏,惠王,27","燕,後文公,18","秦,孝公,18","楚,宣王,26",,
-343,"周,顯王,26","魯,康公,8",,"田齊,威王,15",,,,,"宋,桓侯,38",,"韓,昭侯,20","趙,肅侯,7","魏,惠王,28","燕,後文公,19","秦,孝公,19","楚,宣王,27",,
-342,"周,顯王,27","魯,康公,9",,"田齊,威王,16",,,,,"宋,桓侯,39",,"韓,昭侯,21","趙,肅侯,8","魏,惠王,29","燕,後文公,20","秦,孝公,20","楚,宣王,28",,
-341,"周,顯王,28","魯,景公,1",,"田齊,威王,17",,,,,"宋,桓侯,40",,"韓,昭侯,22","趙,肅侯,9","魏,惠王,30","燕,後文公,21","秦,孝公,21","楚,宣王,29",,
-340,"周,顯王,29","魯,景公,2",,"田齊,威王,18",,,,,"宋,桓侯,41",,"韓,昭侯,23","趙,肅侯,10","魏,惠王,31","燕,後文公,22","秦,孝公,22","楚,宣王,30",,
-339,"周,顯王,30","魯,景公,3",,"田齊,威王,19",,,,,"宋,剔成,2",,"韓,昭侯,24","趙,肅侯,11","魏,惠王,32","燕,後文公,23","秦,孝公,23","楚,威王,1",,
-338,"周,顯王,31","魯,景公,4",,"田齊,威王,20",,,,,"宋,剔成,3",,"韓,昭侯,25","趙,肅侯,12","魏,惠王,33","燕,後文公,24","秦,孝公,24","楚,威王,2",,
-337,"周,顯王,32","魯,景公,5",,"田齊,威王,21",,,,,"宋,君偃,1",,"韓,昭侯,26","趙,肅侯,13","魏,惠王,34","燕,後文公,25","秦,惠文王,1","楚,威王,3",,
-336,"周,顯王,33","魯,景公,6",,"田齊,威王,22",,,,,"宋,君偃,2",,"韓,昭侯,27","趙,肅侯,14","魏,惠王,35","燕,後文公,26","秦,惠文王,2","楚,威王,4",,
-335,"周,顯王,34","魯,景公,7",,"田齊,威王,23",,,,,"宋,君偃,3",,"韓,昭侯,28","趙,肅侯,15","魏,惠王,36","燕,後文公,27","秦,惠文王,3","楚,威王,5",,
-334,"周,顯王,35","魯,景公,8",,"田齊,威王,24",,,,,"宋,君偃,4",,"韓,昭侯,29","趙,肅侯,16","魏,惠王,37","燕,後文公,28","秦,惠文王,4","楚,威王,6",,
-333,"周,顯王,36","魯,景公,9",,"田齊,威王,25",,,,,"宋,君偃,5",,"韓,昭侯,30","趙,肅侯,17","魏,惠王,38","燕,後文公,29","秦,惠文王,5","楚,威王,7",,
-332,"周,顯王,37","魯,景公,10",,"田齊,威王,26",,,,,"宋,君偃,6",,"韓,宣惠王,1","趙,肅侯,18","魏,惠王,39","燕,易王,1","秦,惠文王,6","楚,威王,8",,
-331,"周,顯王,38","魯,景公,11",,"田齊,威王,27",,,,,"宋,君偃,7",,"韓,宣惠王,2","趙,肅侯,19","魏,惠王,40","燕,易王,2","秦,惠文王,7","楚,威王,9",,
-330,"周,顯王,39","魯,景公,12",,"田齊,威王,28",,,,,"宋,君偃,8",,"韓,宣惠王,3","趙,肅侯,20","魏,惠王,41","燕,易王,3","秦,惠文王,8","楚,威王,10",,
-329,"周,顯王,40","魯,景公,13",,"田齊,威王,29",,,,,"宋,君偃,9",,"韓,宣惠王,4","趙,肅侯,21","魏,惠王,42","燕,易王,4","秦,惠文王,9","楚,威王,11",,
-328,"周,顯王,41","魯,景公,14",,"田齊,威王,30",,,,,"宋,君偃,10",,"韓,宣惠王,5","趙,肅侯,22","魏,惠王,43","燕,易王,5","秦,惠文王,10","楚,懷王,1",,
-327,"周,顯王,42","魯,景公,15",,"田齊,威王,31",,,,,"宋,君偃,11",,"韓,宣惠王,6","趙,肅侯,23","魏,惠王,44","燕,易王,6","秦,惠文王,11","楚,懷王,2",,
-326,"周,顯王,43","魯,景公,16",,"田齊,威王,32",,,,,"宋,君偃,12",,"韓,宣惠王,7","趙,肅侯,24","魏,惠王,45","燕,易王,7","秦,惠文王,12","楚,懷王,3",,
-325,"周,顯王,44","魯,景公,17",,"田齊,威王,33",,,,,"宋,君偃,13",,"韓,宣惠王,8","趙,武靈王,1","魏,惠王,46","燕,易王,8","秦,惠文王,13","楚,懷王,4",,
-324,"周,顯王,45","魯,景公,18",,"田齊,威王,34",,,,,"宋,君偃,14",,"韓,宣惠王,9","趙,武靈王,2","魏,惠王,47","燕,易王,9","秦,惠文王,14","楚,懷王,5",,
-323,"周,顯王,46","魯,景公,19",,"田齊,威王,35",,,,,"宋,君偃,15",,"韓,宣惠王,10","趙,武靈王,3","魏,惠王,48","燕,易王,10","秦,惠文王,15","楚,懷王,6",,
-322,"周,顯王,47","魯,平公,1",,"田齊,威王,36",,,,,"宋,君偃,16",,"韓,宣惠王,11","趙,武靈王,4","魏,惠王,49","燕,易王,11","秦,惠文王,16","楚,懷王,7",,
-321,"周,顯王,48","魯,平公,2",,"田齊,威王,37",,,,,"宋,君偃,17",,"韓,宣惠王,12","趙,武靈王,5","魏,惠王,50","燕,易王,12","秦,惠文王,17","楚,懷王,8",,
-320,"周,慎靚王,1","魯,平公,3",,"田齊,威王,38",,,,,"宋,君偃,18",,"韓,宣惠王,13","趙,武靈王,6","魏,惠王,51","燕,王噲,1","秦,惠文王,18","楚,懷王,9",,
-319,"周,慎靚王,2","魯,平公,4",,"田齊,宣王,1",,,,,"宋,君偃,19",,"韓,宣惠王,14","趙,武靈王,7","魏,惠王,52","燕,王噲,2","秦,惠文王,19","楚,懷王,10",,
-318,"周,慎靚王,3","魯,平公,5",,"田齊,宣王,2",,,,,"宋,君偃,20",,"韓,宣惠王,15","趙,武靈王,8","魏,襄哀王,1","燕,王噲,3","秦,惠文王,20","楚,懷王,11",,
-317,"周,慎靚王,4","魯,平公,6",,"田齊,宣王,3",,,,,"宋,君偃,21",,"韓,宣惠王,16","趙,武靈王,9","魏,襄哀王,2","燕,王噲,4","秦,惠文王,21","楚,懷王,12",,
-316,"周,慎靚王,5","魯,平公,7",,"田齊,宣王,4",,,,,"宋,君偃,22",,"韓,宣惠王,17","趙,武靈王,10","魏,襄哀王,3","燕,王噲,5","秦,惠文王,22","楚,懷王,13",,
-315,"周,慎靚王,6","魯,平公,8",,"田齊,宣王,5",,,,,"宋,君偃,23",,"韓,宣惠王,18","趙,武靈王,11","魏,襄哀王,4","燕,王噲,6","秦,惠文王,23","楚,懷王,14",,
-314,"周,赧王,1","魯,平公,9",,"田齊,宣王,6",,,,,"宋,君偃,24",,"韓,宣惠王,19","趙,武靈王,12","魏,襄哀王,5","燕,王噲,7","秦,惠文王,24","楚,懷王,15",,
-313,"周,赧王,2","魯,平公,10",,"田齊,宣王,7",,,,,"宋,君偃,25",,"韓,宣惠王,20","趙,武靈王,13","魏,襄哀王,6","燕,王噲,8","秦,惠文王,25","楚,懷王,16",,
-312,"周,赧王,3","魯,平公,11",,"田齊,宣王,8",,,,,"宋,君偃,26",,"韓,宣惠王,21","趙,武靈王,14","魏,襄哀王,7","燕,王噲,9","秦,惠文王,26","楚,懷王,17",,
-311,"周,赧王,4","魯,平公,12",,"田齊,宣王,9",,,,,"宋,君偃,27",,"韓,襄王,1","趙,武靈王,15","魏,襄哀王,8","燕,昭王,1","秦,惠文王,27","楚,懷王,18",,
-310,"周,赧王,5","魯,平公,13",,"田齊,宣王,10",,,,,"宋,君偃,28",,"韓,襄王,2","趙,武靈王,16","魏,襄哀王,9","燕,昭王,2","秦,武王,1","楚,懷王,19",,
-309,"周,赧王,6","魯,平公,14",,"田齊,宣王,11",,,,,"宋,君偃,29",,"韓,襄王,3","趙,武靈王,17","魏,襄哀王,10","燕,昭王,3","秦,武王,2","楚,懷王,20",,
-308,"周,赧王,7","魯,平公,15",,"田齊,宣王,12",,,,,"宋,君偃,30",,"韓,襄王,4","趙,武靈王,18","魏,襄哀王,11","燕,昭王,4","秦,武王,3","楚,懷王,21",,
-307,"周,赧王,8","魯,平公,16",,"田齊,宣王,13",,,,,"宋,君偃,31",,"韓,襄王,5","趙,武靈王,19","魏,襄哀王,12","燕,昭王,5","秦,武王,4","楚,懷王,22",,
-306,"周,赧王,9","魯,平公,17",,"田齊,宣王,14",,,,,"宋,君偃,32",,"韓,襄王,6","趙,武靈王,20","魏,襄哀王,13","燕,昭王,6","秦,昭襄王,1","楚,懷王,23",,
-305,"周,赧王,10","魯,平公,18",,"田齊,宣王,15",,,,,"宋,君偃,33",,"韓,襄王,7","趙,武靈王,21","魏,襄哀王,14","燕,昭王,7","秦,昭襄王,2","楚,懷王,24",,
-304,"周,赧王,11","魯,平公,19",,"田齊,宣王,16",,,,,"宋,君偃,34",,"韓,襄王,8","趙,武靈王,22","魏,襄哀王,15","燕,昭王,8","秦,昭襄王,3","楚,懷王,25",,
-303,"周,赧王,12","魯,平公,20",,"田齊,宣王,17",,,,,"宋,君偃,35",,"韓,襄王,9","趙,武靈王,23","魏,襄哀王,16","燕,昭王,9","秦,昭襄王,4","楚,懷王,26",,
-302,"周,赧王,13","魯,文侯,1",,"田齊,宣王,18",,,,,"宋,君偃,36",,"韓,襄王,10","趙,武靈王,24","魏,襄哀王,17","燕,昭王,10","秦,昭襄王,5","楚,懷王,27",,
-301,"周,赧王,14","魯,文侯,2",,"田齊,宣王,19",,,,,"宋,君偃,37",,"韓,襄王,11","趙,武靈王,25","魏,襄哀王,18","燕,昭王,11","秦,昭襄王,6","楚,懷王,28",,
-300,"周,赧王,15","魯,文侯,3",,"田齊,湣王,1",,,,,"宋,君偃,38",,"韓,襄王,12","趙,武靈王,26","魏,襄哀王,19","燕,昭王,12","秦,昭襄王,7","楚,懷王,29",,
-299,"周,赧王,16","魯,文侯,4",,"田齊,湣王,2",,,,,"宋,君偃,39",,"韓,襄王,13","趙,武靈王,27","魏,襄哀王,20","燕,昭王,13","秦,昭襄王,8","楚,懷王,30",,
-298,"周,赧王,17","魯,文侯,5",,"田齊,湣王,3",,,,,"宋,君偃,40",,"韓,襄王,14","趙,惠文王,1","魏,襄哀王,21","燕,昭王,14","秦,昭襄王,9","楚,頃襄王,1",,
-297,"周,赧王,18","魯,文侯,6",,"田齊,湣王,4",,,,,"宋,君偃,41",,"韓,襄王,15","趙,惠文王,2","魏,襄哀王,22","燕,昭王,15","秦,昭襄王,10","楚,頃襄王,2",,
-296,"周,赧王,19","魯,文侯,7",,"田齊,湣王,5",,,,,"宋,君偃,42",,"韓,襄王,16","趙,惠文王,3","魏,襄哀王,23","燕,昭王,16","秦,昭襄王,11","楚,頃襄王,3",,
-295,"周,赧王,20","魯,文侯,8",,"田齊,湣王,6",,,,,"宋,君偃,43",,"韓,釐王,1","趙,惠文王,4","魏,昭王,1","燕,昭王,17","秦,昭襄王,12","楚,頃襄王,4",,
-294,"周,赧王,21","魯,文侯,9",,"田齊,湣王,7",,,,,"宋,君偃,44",,"韓,釐王,2","趙,惠文王,5","魏,昭王,2","燕,昭王,18","秦,昭襄王,13","楚,頃襄王,5",,
-293,"周,赧王,22","魯,文侯,10",,"田齊,湣王,8",,,,,"宋,君偃,45",,"韓,釐王,3","趙,惠文王,6","魏,昭王,3","燕,昭王,19","秦,昭襄王,14","楚,頃襄王,6",,
-292,"周,赧王,23","魯,文侯,11",,"田齊,湣王,9",,,,,"宋,君偃,46",,"韓,釐王,4","趙,惠文王,7","魏,昭王,4","燕,昭王,20","秦,昭襄王,15","楚,頃襄王,7",,
-291,"周,赧王,24","魯,文侯,12",,"田齊,湣王,10",,,,,"宋,君偃,47",,"韓,釐王,5","趙,惠文王,8","魏,昭王,5","燕,昭王,21","秦,昭襄王,16","楚,頃襄王,8",,
-290,"周,赧王,25","魯,文侯,13",,"田齊,湣王,11",,,,,"宋,君偃,48",,"韓,釐王,6","趙,惠文王,9","魏,昭王,6","燕,昭王,22","秦,昭襄王,17","楚,頃襄王,9",,
-289,"周,赧王,26","魯,文侯,14",,"田齊,湣王,12",,,,,"宋,君偃,49",,"韓,釐王,7","趙,惠文王,10","魏,昭王,7","燕,昭王,23","秦,昭襄王,18","楚,頃襄王,10",,
-288,"周,赧王,27","魯,文侯,15",,"田齊,湣王,13",,,,,"宋,君偃,50",,"韓,釐王,8","趙,惠文王,11","魏,昭王,8","燕,昭王,24","秦,昭襄王,19","楚,頃襄王,11",,
-287,"周,赧王,28","魯,文侯,16",,"田齊,湣王,14",,,,,"宋,君偃,51",,"韓,釐王,9","趙,惠文王,12","魏,昭王,9","燕,昭王,25","秦,昭襄王,20","楚,頃襄王,12",,
-286,"周,赧王,29","魯,文侯,17",,"田齊,湣王,15",,,,,"宋,君偃,52",,"韓,釐王,10","趙,惠文王,13","魏,昭王,10","燕,昭王,26","秦,昭襄王,21","楚,頃襄王,13",,
-285,"周,赧王,30","魯,文侯,18",,"田齊,湣王,16",,,,,,,"韓,釐王,11","趙,惠文王,14","魏,昭王,11","燕,昭王,27","秦,昭襄王,22","楚,頃襄王,14",,
-284,"周,赧王,31","魯,文侯,19",,"田齊,湣王,17",,,,,,,"韓,釐王,12","趙,惠文王,15","魏,昭王,12","燕,昭王,28","秦,昭襄王,23","楚,頃襄王,15",,
-283,"周,赧王,32","魯,文侯,20",,"田齊,襄王,1",,,,,,,"韓,釐王,13","趙,惠文王,16","魏,昭王,13","燕,昭王,29","秦,昭襄王,24","楚,頃襄王,16",,
-282,"周,赧王,33","魯,文侯,21",,"田齊,襄王,2",,,,,,,"韓,釐王,14","趙,惠文王,17","魏,昭王,14","燕,昭王,30","秦,昭襄王,25","楚,頃襄王,17",,
-281,"周,赧王,34","魯,文侯,22",,"田齊,襄王,3",,,,,,,"韓,釐王,15","趙,惠文王,18","魏,昭王,15","燕,昭王,31","秦,昭襄王,26","楚,頃襄王,18",,
-280,"周,赧王,35","魯,文侯,23",,"田齊,襄王,4",,,,,,,"韓,釐王,16","趙,惠文王,19","魏,昭王,16","燕,昭王,32","秦,昭襄王,27","楚,頃襄王,19",,
-279,"周,赧王,36","魯,頃公,1",,"田齊,襄王,5",,,,,,,"韓,釐王,17","趙,惠文王,20","魏,昭王,17","燕,昭王,33","秦,昭襄王,28","楚,頃襄王,20",,
-278,"周,赧王,37","魯,頃公,2",,"田齊,襄王,6",,,,,,,"韓,釐王,18","趙,惠文王,21","魏,昭王,18","燕,惠王,1","秦,昭襄王,29","楚,頃襄王,21",,
-277,"周,赧王,38","魯,頃公,3",,"田齊,襄王,7",,,,,,,"韓,釐王,19","趙,惠文王,22","魏,昭王,19","燕,惠王,2","秦,昭襄王,30","楚,頃襄王,22",,
-276,"周,赧王,39","魯,頃公,4",,"田齊,襄王,8",,,,,,,"韓,釐王,20","趙,惠文王,23","魏,安釐王,1","燕,惠王,3","秦,昭襄王,31","楚,頃襄王,23",,
-275,"周,赧王,40","魯,頃公,5",,"田齊,襄王,9",,,,,,,"韓,釐王,21","趙,惠文王,24","魏,安釐王,2","燕,惠王,4","秦,昭襄王,32","楚,頃襄王,24",,
-274,"周,赧王,41","魯,頃公,6",,"田齊,襄王,10",,,,,,,"韓,釐王,22","趙,惠文王,25","魏,安釐王,3","燕,惠王,5","秦,昭襄王,33","楚,頃襄王,25",,
-273,"周,赧王,42","魯,頃公,7",,"田齊,襄王,11",,,,,,,"韓,釐王,23","趙,惠文王,26","魏,安釐王,4","燕,惠王,6","秦,昭襄王,34","楚,頃襄王,26",,
-272,"周,赧王,43","魯,頃公,8",,"田齊,襄王,12",,,,,,,"韓,桓惠王,1","趙,惠文王,27","魏,安釐王,5","燕,惠王,7","秦,昭襄王,35","楚,頃襄王,27",,
-271,"周,赧王,44","魯,頃公,9",,"田齊,襄王,13",,,,,,,"韓,桓惠王,2","趙,惠文王,28","魏,安釐王,6","燕,武成王,1","秦,昭襄王,36","楚,頃襄王,28",,
-270,"周,赧王,45","魯,頃公,10",,"田齊,襄王,14",,,,,,,"韓,桓惠王,3","趙,惠文王,29","魏,安釐王,7","燕,武成王,2","秦,昭襄王,37","楚,頃襄王,29",,
-269,"周,赧王,46","魯,頃公,11",,"田齊,襄王,15",,,,,,,"韓,桓惠王,4","趙,惠文王,30","魏,安釐王,8","燕,武成王,3","秦,昭襄王,38","楚,頃襄王,30",,
-268,"周,赧王,47","魯,頃公,12",,"田齊,襄王,16",,,,,,,"韓,桓惠王,5","趙,惠文王,31","魏,安釐王,9","燕,武成王,4","秦,昭襄王,39","楚,頃襄王,31",,
-267,"周,赧王,48","魯,頃公,13",,"田齊,襄王,17",,,,,,,"韓,桓惠王,6","趙,惠文王,32","魏,安釐王,10","燕,武成王,5","秦,昭襄王,40","楚,頃襄王,32",,
-266,"周,赧王,49","魯,頃公,14",,"田齊,襄王,18",,,,,,,"韓,桓惠王,7","趙,惠文王,33","魏,安釐王,11","燕,武成王,6","秦,昭襄王,41","楚,頃襄王,33",,
-265,"周,赧王,50","魯,頃公,15",,"田齊,襄王,19",,,,,,,"韓,桓惠王,8","趙,孝成王,1","魏,安釐王,12","燕,武成王,7","秦,昭襄王,42","楚,頃襄王,34",,
-264,"周,赧王,51","魯,頃公,16",,"田齊,王建,1",,,,,,,"韓,桓惠王,9","趙,孝成王,2","魏,安釐王,13","燕,武成王,8","秦,昭襄王,43","楚,頃襄王,35",,
-263,"周,赧王,52","魯,頃公,17",,"田齊,王建,2",,,,,,,"韓,桓惠王,10","趙,孝成王,3","魏,安釐王,14","燕,武成王,9","秦,昭襄王,44","楚,頃襄王,36",,
-262,"周,赧王,53","魯,頃公,18",,"田齊,王建,3",,,,,,,"韓,桓惠王,11","趙,孝成王,4","魏,安釐王,15","燕,武成王,10","秦,昭襄王,45","楚,考烈王,1",,
-261,"周,赧王,54","魯,頃公,19",,"田齊,王建,4",,,,,,,"韓,桓惠王,12","趙,孝成王,5","魏,安釐王,16","燕,武成王,11","秦,昭襄王,46","楚,考烈王,2",,
-260,"周,赧王,55","魯,頃公,20",,"田齊,王建,5",,,,,,,"韓,桓惠王,13","趙,孝成王,6","魏,安釐王,17","燕,武成王,12","秦,昭襄王,47","楚,考烈王,3",,
-259,"周,赧王,56","魯,頃公,21",,"田齊,王建,6",,,,,,,"韓,桓惠王,14","趙,孝成王,7","魏,安釐王,18","燕,武成王,13","秦,昭襄王,48","楚,考烈王,4",,
-258,"周,赧王,57","魯,頃公,22",,"田齊,王建,7",,,,,,,"韓,桓惠王,15","趙,孝成王,8","魏,安釐王,19","燕,武成王,14","秦,昭襄王,49","楚,考烈王,5",,
-257,"周,赧王,58","魯,頃公,23",,"田齊,王建,8",,,,,,,"韓,桓惠王,16","趙,孝成王,9","魏,安釐王,20","燕,孝王,1","秦,昭襄王,50","楚,考烈王,6",,
-256,"周,赧王,59","魯,頃公,24",,"田齊,王建,9",,,,,,,"韓,桓惠王,17","趙,孝成王,10","魏,安釐王,21","燕,孝王,2","秦,昭襄王,51","楚,考烈王,7",,
-255,,,,"田齊,王建,10",,,,,,,"韓,桓惠王,18","趙,孝成王,11","魏,安釐王,22","燕,孝王,3","秦,昭襄王,52","楚,考烈王,8",,
-254,,,,"田齊,王建,11",,,,,,,"韓,桓惠王,19","趙,孝成王,12","魏,安釐王,23","燕,王喜,1","秦,昭襄王,53","楚,考烈王,9",,
-253,,,,"田齊,王建,12",,,,,,,"韓,桓惠王,20","趙,孝成王,13","魏,安釐王,24","燕,王喜,2","秦,昭襄王,54","楚,考烈王,10",,
-252,,,,"田齊,王建,13",,,,,,,"韓,桓惠王,21","趙,孝成王,14","魏,安釐王,25","燕,王喜,3","秦,昭襄王,55","楚,考烈王,11",,
-251,,,,"田齊,王建,14",,,,,,,"韓,桓惠王,22","趙,孝成王,15","魏,安釐王,26","燕,王喜,4","秦,昭襄王,56","楚,考烈王,12",,
-250,,,,"田齊,王建,15",,,,,,,"韓,桓惠王,23","趙,孝成王,16","魏,安釐王,27","燕,王喜,5","秦,孝文王,1","楚,考烈王,13",,
-249,,,,"田齊,王建,16",,,,,,,"韓,桓惠王,24","趙,孝成王,17","魏,安釐王,28","燕,王喜,6","秦,莊襄王,1","楚,考烈王,14",,
-248,,,,"田齊,王建,17",,,,,,,"韓,桓惠王,25","趙,孝成王,18","魏,安釐王,29","燕,王喜,7","秦,莊襄王,2","楚,考烈王,15",,
-247,,,,"田齊,王建,18",,,,,,,"韓,桓惠王,26","趙,孝成王,19","魏,安釐王,30","燕,王喜,8","秦,莊襄王,3","楚,考烈王,16",,
-246,,,,"田齊,王建,19",,,,,,,"韓,桓惠王,27","趙,孝成王,20","魏,安釐王,31","燕,王喜,9","秦,始皇帝,1","楚,考烈王,17",,
-245,,,,"田齊,王建,20",,,,,,,"韓,桓惠王,28","趙,孝成王,21","魏,安釐王,32","燕,王喜,10","秦,始皇帝,2","楚,考烈王,18",,
-244,,,,"田齊,王建,21",,,,,,,"韓,桓惠王,29","趙,悼襄王,1","魏,安釐王,33","燕,王喜,11","秦,始皇帝,3","楚,考烈王,19",,
-243,,,,"田齊,王建,22",,,,,,,"韓,桓惠王,30","趙,悼襄王,2","魏,安釐王,34","燕,王喜,12","秦,始皇帝,4","楚,考烈王,20",,
-242,,,,"田齊,王建,23",,,,,,,"韓,桓惠王,31","趙,悼襄王,3","魏,景湣王,1","燕,王喜,13","秦,始皇帝,5","楚,考烈王,21",,
-241,,,,"田齊,王建,24",,,,,,,"韓,桓惠王,32","趙,悼襄王,4","魏,景湣王,2","燕,王喜,14","秦,始皇帝,6","楚,考烈王,22",,
-240,,,,"田齊,王建,25",,,,,,,"韓,桓惠王,33","趙,悼襄王,5","魏,景湣王,3","燕,王喜,15","秦,始皇帝,7","楚,考烈王,23",,
-239,,,,"田齊,王建,26",,,,,,,"韓,桓惠王,34","趙,悼襄王,6","魏,景湣王,4","燕,王喜,16","秦,始皇帝,8","楚,考烈王,24",,
-238,,,,"田齊,王建,27",,,,,,,"韓,王安,1","趙,悼襄王,7","魏,景湣王,5","燕,王喜,17","秦,始皇帝,9","楚,考烈王,25",,
-237,,,,"田齊,王建,28",,,,,,,"韓,王安,2","趙,悼襄王,8","魏,景湣王,6","燕,王喜,18","秦,始皇帝,10","楚,幽王,1",,
-236,,,,"田齊,王建,29",,,,,,,"韓,王安,3","趙,悼襄王,9","魏,景湣王,7","燕,王喜,19","秦,始皇帝,11","楚,幽王,2",,
-235,,,,"田齊,王建,30",,,,,,,"韓,王安,4","趙,王遷,1","魏,景湣王,8","燕,王喜,20","秦,始皇帝,12","楚,幽王,3",,
-234,,,,"田齊,王建,31",,,,,,,"韓,王安,5","趙,王遷,2","魏,景湣王,9","燕,王喜,21","秦,始皇帝,13","楚,幽王,4",,
-233,,,,"田齊,王建,32",,,,,,,"韓,王安,6","趙,王遷,3","魏,景湣王,10","燕,王喜,22","秦,始皇帝,14","楚,幽王,5",,
-232,,,,"田齊,王建,33",,,,,,,"韓,王安,7","趙,王遷,4","魏,景湣王,11","燕,王喜,23","秦,始皇帝,15","楚,幽王,6",,
-231,,,,"田齊,王建,34",,,,,,,"韓,王安,8","趙,王遷,5","魏,景湣王,12","燕,王喜,24","秦,始皇帝,16","楚,幽王,7",,
-230,,,,"田齊,王建,35",,,,,,,"韓,王安,9","趙,王遷,6","魏,景湣王,13","燕,王喜,25","秦,始皇帝,17","楚,幽王,8",,
-229,,,,"田齊,王建,36",,,,,,,,"趙,王遷,7","魏,景湣王,14","燕,王喜,26","秦,始皇帝,18","楚,幽王,9",,
-228,,,,"田齊,王建,37",,,,,,,,"趙,王遷,8","魏,景湣王,15","燕,王喜,27","秦,始皇帝,19","楚,幽王,10",,
-227,,,,"田齊,王建,38",,,,,,,,"趙,代王嘉,1","魏,王假,1","燕,王喜,28","秦,始皇帝,20","楚,王負芻,1",,
-226,,,,"田齊,王建,39",,,,,,,,"趙,代王嘉,2","魏,王假,2","燕,王喜,29","秦,始皇帝,21","楚,王負芻,2",,
-225,,,,"田齊,王建,40",,,,,,,,"趙,代王嘉,3","魏,王假,3","燕,王喜,30","秦,始皇帝,22","楚,王負芻,3",,
-224,,,,"田齊,王建,41",,,,,,,,"趙,代王嘉,4",,"燕,王喜,31","秦,始皇帝,23","楚,王負芻,4",,
-223,,,,"田齊,王建,42",,,,,,,,"趙,代王嘉,5",,"燕,王喜,32","秦,始皇帝,24","楚,王負芻,5",,
-222,,,,"田齊,王建,43",,,,,,,,"趙,代王嘉,6",,"燕,王喜,33","秦,始皇帝,25",,,
-221,,,,"田齊,王建,44",,,,,,,,,,,"秦,始皇帝,26",,,
-220,,,,,,,,,,,,,,,"秦,始皇帝,27",,,
-219,,,,,,,,,,,,,,,"秦,始皇帝,28",,,
-218,,,,,,,,,,,,,,,"秦,始皇帝,29",,,
-217,,,,,,,,,,,,,,,"秦,始皇帝,30",,,
-216,,,,,,,,,,,,,,,"秦,始皇帝,31",,,
-215,,,,,,,,,,,,,,,"秦,始皇帝,32",,,
-214,,,,,,,,,,,,,,,"秦,始皇帝,33",,,
-213,,,,,,,,,,,,,,,"秦,始皇帝,34",,,
-212,,,,,,,,,,,,,,,"秦,始皇帝,35",,,
-211,,,,,,,,,,,,,,,"秦,始皇帝,36",,,
-210,,,,,,,,,,,,,,,"秦,始皇帝,37",,,
-209,,,,,,,,,,,,,,,"秦,二世皇帝,1",,,
-208,,,,,,,,,,,,,,,"秦,二世皇帝,2",,,
-207,,,,,,,,,,,,,,,"秦,二世皇帝,3",,,
